ID,Name,Position
0,James,Director
1,David,Director
2,George,CEO
3,Ronald,Business Development Manager
4,John,Business Support Manager
5,Richard,Business Control Manager
6,Daniel,Sales Department Leader
7,Kenneth,Product Department Leader
8,Anthony,Marketing Department Leader
9,Robert,Project Office Leader
10,Charles,Professional Service Leader
11,Paul,QA Leader
12,Mark,Design Office Leader
13,Kevin,Technical Support Office Leader
14,Edward,Software Development Leader
15,Joseph,Legal Office Leader
16,Michael,Finance Office Leader
17,Jason,HR Office Leader
